-- ปิด RLS ทุกตารางเผื่อป้องกันการเพิ่มข้อมูลไม่เข้า
ALTER TABLE schools DISABLE ROW LEVEL SECURITY;
ALTER TABLE users_teachers DISABLE ROW LEVEL SECURITY;
ALTER TABLE users_students DISABLE ROW LEVEL SECURITY;
ALTER TABLE subjects DISABLE ROW LEVEL SECURITY;
ALTER TABLE learning_outcomes DISABLE ROW LEVEL SECURITY;
ALTER TABLE subject_lo_mapping DISABLE ROW LEVEL SECURITY;
ALTER TABLE student_enrollments DISABLE ROW LEVEL SECURITY;
ALTER TABLE lo_evaluations DISABLE ROW LEVEL SECURITY;
ALTER TABLE behavior_templates DISABLE ROW LEVEL SECURITY;

-- เคลียร์ข้อมูลเก่าทั้งหมดที่เคยลองใส่ไป
DELETE FROM behavior_templates;
DELETE FROM lo_evaluations;
DELETE FROM student_enrollments;
DELETE FROM subject_lo_mapping;
DELETE FROM learning_outcomes;
DELETE FROM subjects;
DELETE FROM users_students;
DELETE FROM users_teachers;
DELETE FROM schools;

-- 1. สร้างโรงเรียน
INSERT INTO schools (school_id, obec_code, school_name, esa_name, is_active) 
VALUES ('11111111-1111-1111-1111-111111111111', '999999', 'โรงเรียนสาธิตต้นแบบ สพฐ.', 'สพป.ทดสอบ', true);

-- 2. สร้างครูและบุคลากร
-- รหัสผ่านทุกคนคือ 01012540 สำหรับแอดมิน, 02022540 ผอ, 03032540 ครู
INSERT INTO users_teachers (teacher_id, school_id, citizen_id, password_hash, prefix, first_name, last_name, role, is_active)
VALUES 
('33333333-3333-3333-3333-333333333330', '11111111-1111-1111-1111-111111111111', '1111111111111', 'fda67685b00d0b419b1cff2a9226642c6423fc265a17afbc4d423e612683a9a0', 'นาย', 'ผู้ดูแล', 'ระบบ', 'admin', true),
('33333333-3333-3333-3333-333333333331', '11111111-1111-1111-1111-111111111111', '2222222222222', '792e170d30002442fb93321847c70bb1d53a197bd49a055405644a8ea9418172', 'นาง', 'ผู้อำนวย', 'การ', 'executive', true),
('33333333-3333-3333-3333-333333333333', '11111111-1111-1111-1111-111111111111', '3333333333333', '16cd060645a79e5aa014df0fe26550e71177aecb1242d1f28a11ff8b6d43d60c', 'นางสาว', 'ครูสมศรี', 'ใจดี', 'teacher', true),
('33333333-3333-3333-3333-333333333334', '11111111-1111-1111-1111-111111111111', '3333333333334', '16cd060645a79e5aa014df0fe26550e71177aecb1242d1f28a11ff8b6d43d60c', 'นาย', 'ครูสมชาย', 'สายเสมอ', 'teacher', true);

-- 3. สร้างนักเรียน (รหัสผ่านทุกคนคือ 04042555)
INSERT INTO users_students (student_id, school_id, citizen_id, password_hash, student_code, prefix, first_name, last_name, student_status)
VALUES 
('44444444-4444-4444-4444-444444444441', '11111111-1111-1111-1111-111111111111', '4444444444441', '9b7e080a6ebd332e15a13d4be23ce3e700817e7967457868a2279db44809d606', '66001', 'ด.ช.', 'เด็กชายก้อง', 'เก่งกล้า', 'active'),
('44444444-4444-4444-4444-444444444442', '11111111-1111-1111-1111-111111111111', '4444444444442', '9b7e080a6ebd332e15a13d4be23ce3e700817e7967457868a2279db44809d606', '66002', 'ด.ญ.', 'เด็กหญิงสวย', 'เสมอ', 'active'),
('44444444-4444-4444-4444-444444444443', '11111111-1111-1111-1111-111111111111', '4444444444443', '9b7e080a6ebd332e15a13d4be23ce3e700817e7967457868a2279db44809d606', '66003', 'ด.ช.', 'เด็กชายมุ่งมั่น', 'ตั้งใจ', 'active');

-- 4. สร้างรายวิชา
INSERT INTO subjects (subject_id, school_id, academic_year, semester, subject_code, subject_name, grade_level, teacher_id)
VALUES 
('55555555-5555-5555-5555-555555555551', '11111111-1111-1111-1111-111111111111', 2569, 1, 'ค11101', 'คณิตศาสตร์พื้นฐาน', 'ป.1', '33333333-3333-3333-3333-333333333333'),
('55555555-5555-5555-5555-555555555552', '11111111-1111-1111-1111-111111111111', 2569, 1, 'ท11101', 'ภาษาไทยพื้นฐาน', 'ป.1', '33333333-3333-3333-3333-333333333334');

-- 5. สร้างคลังสมรรถนะ LO
INSERT INTO learning_outcomes (lo_id, lo_code, ability_no, level_group, competency_area, lo_description)
VALUES 
('66666666-6666-6666-6666-666666666661', 'M1', 1, 'ป.ต้น', 'การคิดคำนวณ', 'ผู้เรียนสามารถบวก ลบ จำนวนไม่เกิน 100 ได้อย่างถูกต้องและรวดเร็ว'),
('66666666-6666-6666-6666-666666666662', 'M2', 2, 'ป.ต้น', 'การคิดคำนวณ', 'ผู้เรียนสามารถใช้คณิตศาสตร์ในชีวิตประจำวันอย่างง่ายได้'),
('66666666-6666-6666-6666-666666666663', 'L3', 3, 'ป.ต้น', 'การใช้ภาษา', 'ผู้เรียนสามารถอ่านออกเสียงคำและประโยคพื้นฐานได้อย่างชัดเจน'),
('66666666-6666-6666-6666-666666666664', 'L4', 4, 'ป.ต้น', 'การใช้ภาษา', 'ผู้เรียนสามารถเขียนบรรยายความรู้สึกของตนเองได้สั้นๆ');

-- 6. ผูก LO กับรายวิชา (Mapping)
-- คณิตศาสตร์ (ค11101) ผูกกับ LO 1 และ 2
-- ภาษาไทย (ท11101) ผูกกับ LO 3 และ 4
INSERT INTO subject_lo_mapping (subject_id, lo_id)
VALUES 
('55555555-5555-5555-5555-555555555551', '66666666-6666-6666-6666-666666666661'),
('55555555-5555-5555-5555-555555555551', '66666666-6666-6666-6666-666666666662'),
('55555555-5555-5555-5555-555555555552', '66666666-6666-6666-6666-666666666663'),
('55555555-5555-5555-5555-555555555552', '66666666-6666-6666-6666-666666666664');

-- 7. นำนักเรียนเข้าเรียน (Enrollment) - ให้นักเรียนทั้ง 3 คนเรียนทั้ง 2 วิชา ห้อง ป.1/1
INSERT INTO student_enrollments (enrollment_id, student_id, subject_id, room)
VALUES 
-- คณิตศาสตร์
('77777777-7777-7777-7777-777777777771', '44444444-4444-4444-4444-444444444441', '55555555-5555-5555-5555-555555555551', 'ป.1/1'),
('77777777-7777-7777-7777-777777777772', '44444444-4444-4444-4444-444444444442', '55555555-5555-5555-5555-555555555551', 'ป.1/1'),
('77777777-7777-7777-7777-777777777773', '44444444-4444-4444-4444-444444444443', '55555555-5555-5555-5555-555555555551', 'ป.1/1'),
-- ภาษาไทย
('77777777-7777-7777-7777-777777777774', '44444444-4444-4444-4444-444444444441', '55555555-5555-5555-5555-555555555552', 'ป.1/1'),
('77777777-7777-7777-7777-777777777775', '44444444-4444-4444-4444-444444444442', '55555555-5555-5555-5555-555555555552', 'ป.1/1'),
('77777777-7777-7777-7777-777777777776', '44444444-4444-4444-4444-444444444443', '55555555-5555-5555-5555-555555555552', 'ป.1/1');

-- 8. ใส่ผลการประเมินเบื้องต้น (Evaluation)
-- ให้เด็กชายก้อง มีผลงานวิชาคณิตเก่งมาก
INSERT INTO lo_evaluations (enrollment_id, lo_id, competency_level, evaluated_by)
VALUES 
-- ก้อง (คณิต)
('77777777-7777-7777-7777-777777777771', '66666666-6666-6666-6666-666666666661', 'เชี่ยวชาญ', '33333333-3333-3333-3333-333333333333'),
('77777777-7777-7777-7777-777777777771', '66666666-6666-6666-6666-666666666662', 'ชำนาญ', '33333333-3333-3333-3333-333333333333'),
-- สวย (คณิต)
('77777777-7777-7777-7777-777777777772', '66666666-6666-6666-6666-666666666661', 'พัฒนา', '33333333-3333-3333-3333-333333333333');

-- 9. เพิ่มคลังพฤติกรรมสำหรับการแปลผลในออโต้ปพ.๖
INSERT INTO behavior_templates (competency_area, competency_level, behavior_text)
VALUES
('การคิดคำนวณ', 'เริ่มต้น', 'ผู้เรียนเริ่มเข้าใจตัวเลขและสามารถนับจำนวนได้เล็กน้อย'),
('การคิดคำนวณ', 'พัฒนา', 'ผู้เรียนสามารถบวก ลบ เลขง่ายๆ ได้ แต่ต้องอาศัยคำแนะนำ'),
('การคิดคำนวณ', 'ชำนาญ', 'ผู้เรียนสามารถคำนวณบวก ลบ ได้คล่องแคล่วและถูกต้อง'),
('การคิดคำนวณ', 'เชี่ยวชาญ', 'ผู้เรียนสามารถวิเคราะห์โจทย์ปัญหาและหาคำตอบได้ด้วยขั้นตอนที่ซับซ้อนด้วยตนเองได้อย่างดีเยี่ยม'),
('การใช้ภาษา', 'เริ่มต้น', 'ผู้เรียนสามารถอ่านคำง่ายๆ ได้'),
('การใช้ภาษา', 'พัฒนา', 'ผู้เรียนมีความพยายามในการอ่านและเริ่มสะกดเป็นคำได้มากขึ้น'),
('การใช้ภาษา', 'ชำนาญ', 'ผู้เรียนอ่านออกเสียงและเขียนเรียงความสั้นๆ ได้ถูกต้อง'),
('การใช้ภาษา', 'เชี่ยวชาญ', 'ผู้เรียนสามารถใช้ภาษาในการอธิบายความคิดตนเองได้อย่างสร้างสรรค์และลึกซึ้ง');
